,label,text,comments,total_marks,pred_topic,instructor_pred,report_pred,true_topic_idx,true_topic,confidence,sentence_tr_pred
0,Question 1,Which one of the following correctly represents the reaction of glucose in human cells? Type of reaction Endothermic or exothermic A. respiration endothermic B. respiration exothermic C. hydrolysis endothermic D. hydrolysis exothermic,"In human cells, glucose reacts with oxygen in respiration – an energy-releasing, i.e. exothermic, reaction.
C6H12O6(aq) + 6O2(g) à 6CO2(g) + 6H2O(l), ΔH = -2880 kJ",1,Carbon-based fuels,0,0,0,Carbon-based fuels,0.4603733,0
1,Question 2,Which one of the following statements is correct? A. Fuel cells and galvanic cells produce heat. B. Fuel cells have inert electrodes whereas galvanic cells do not. C. Fuel cells have porous electrodes whereas galvanic cells do not. D. Fuel cells and galvanic cells operate when electrons flow through the electrolyte.,"Fuel cells and galvanic cells both produce heat energy as well as electrical energy. 
Galvanic cell electrodes may be active, as in the Zn2+(aq)/Zn(s) half-cell, or inert, as in the Fe3+(aq)/Fe2+(aq) half-cell where a Pt or C(graphite) electrode could be used.
Both fuel cells and galvanic cells can have porous electrodes because this increases the surface area for reaction.
Electrons do not flow through the electrolyte in electrochemical cells; they travel through the external circuit between the anode and the cathode.",1,Primary galvanic cells and fuel cells as sources of energy,2,2,2,Primary galvanic cells and fuel cells as sources of energy,0.9167017,2
2,Question 3,"Molecules X, and all have the same number of carbon atoms. What is the order of melting points, from highest to lowest, for these three molecules? A. Y, X, B. Y, Z, C. Z, X,","The larger the number of C=C double bonds in the molecule the more loosely the chains pack together, the weaker the intermolecular attraction, and the lower the melting point. Therefore, Z has the lowest melting point and Y, with no C=C double bonds, and the strongest intermolecular attraction, has the highest melting point.",1,"Structure, nomenclature and properties of organic compounds",6,6,6,"Structure, nomenclature and properties of organic compounds",0.5209395,6
3,Question 4,cell can be considered secondary cell if A. it has continuous supply of reactants. B. it can operate at different temperatures. C. the polarity of the electrodes remains unchanged. D. it can operate as both galvanic and electrolytic cell.,"The polarity of the physical electrodes does not change. 
The positive electrode remains positive in both galvanic and electrolytic cells. However, the process at that electrode changes – from reduction in a galvanic cell to oxidation in an electrolytic cell – due to the change in the direction of electron flow.
A cell is classified as a secondary cell if it operates as both a galvanic and electrolytic cell. Secondary cells have all reactants contained within the cells.",1,Primary galvanic cells and fuel cells as sources of energy,2,2,5,Production of chemicals using electrolysis,0.7137709,2
4,Question 5,"Consider the following statements about coenzymes. I. Coenzymes assist enzymes to catalyse reaction. II. Coenzymes bind loosely to the active site of an enzyme. III.	 Coenzymes act as carriers in the transfer of electrons and atoms. Which of the statements above are correct? A. and II only B. and III only C. II and III only D. I, II and III","All three statements are properties of coenzymes.
Coenzymes assist enzymes to catalyse a reaction, by binding loosely to the active site of the enzymes and supporting the transfer of electrons and atoms during the reaction.",1,Rates of chemical reactions,3,3,10,Medicinal chemistry,0.51028454,7
5,Question 6,"Consider the following statements. I. HPLC is qualitative process. II. HPLC is quantitative process. III.	 Triplets give information about molecule structure. Which of the above statements apply to high-performance liquid chromatography (HPLC)? A. only B. II only C. and II only D. I, II and III","HPLC is qualitative in that comparing retention times with those of standard samples enables the possible identification of the components of a mixture.
HPLC is quantitative in that relative areas under peaks are used to calculate the percentage of each component in the mixture.
Triplets are associated with 1H NMR spectroscopy.",1,Instrumental analysis of organic compounds,9,9,9,Instrumental analysis of organic compounds,0.23171267,8
6,Question 7,Consider the following statements about fossil fuels and biofuels. I. Production of biofuels does not damage the environment. II. Combustion of both biofuels and fossil fuels generates greenhouse gases. III.	 Biofuels and fossil fuels are both renewable as they are produced from plants. Which of the statements above are correct? A. only B. II only C. and II only D. and III only,"Biofuel production potentially does damage the environment by degrading land used to grow food and through emissions from fuels used in production and transport.
Both biofuel and fossil fuels do generate greenhouse gases – CO2(g) and/or H2O(g).
Biofuels are renewable but fossil fuels, while traceable back to plants, take millions of years to form and are not considered renewable.",1,Carbon-based fuels,0,0,0,Carbon-based fuels,0.76847404,0
7,Question 8,"At 327 °C, the equilibrium constant for the reaction (g) 3H (g) 2NH (g) is 4.10 −2 What is the equilibrium constant at 327 °C for the reaction 2N (g) 6H (g) 4NH (g)? A. 8.20 −2 B. 8.20 −4 C. 16.8 −2 D. 16.8 −4","N2(g) + 3H2(g) ⇋ 2NH3(g)                  K  = 4.10 M−2
The original equation coefficients have been doubled, so the Kvalue is raised to the power of 2 (squared).
2N2(g) + 6H2(g) ⇋ 4NH3(g)                K 	= (4.10 M−2)2
				= 16.8 M−4",1,Extent of chemical reactions,4,4,4,Extent of chemical reactions,0.60421336,4
8,Question 9,"Consider the following statements about coal seam gas and petroleum gas. I. Coal seam gas and petroleum gas are both mixtures. II. Coal seam gas and petroleum gas both combust to produce carbon dioxide. III.	 Coal seam gas and petroleum gas are both fossil fuels. Which of the above statements are correct? A. and II only B. and III only C. II and III only D. I, II and III","The main component of coal seam gas is a mixture of methane – 88 to 98% – with small amounts of other hydrocarbons.
Petroleum gas, associated with crude oil, is also a mixture of lighter hydrocarbons. 
Both coal seam gas and petroleum gas are fossil fuels and produce CO2 on combustion.",1,Carbon-based fuels,0,0,0,Carbon-based fuels,0.65612596,0
9,Question 10,"At constant temperature, which one of the following always corresponds to an increase of the yield of chemical reaction? A. An increase in the value of the equilibrium expression. B. An increase in the concentration of the reactants. C. decrease in the activation energy. D. An increase in the pressure.","A higher value for the equilibrium expression suggests a higher proportion of products / increased product concentration compared to reactants, and hence a higher yield.
An increase in reactant concentration will increase the yield in any equilibrium where the concentration fraction (reaction quotient) increases, as a result of a change that favours the forward reaction. The system moves to compensate for the change by favouring the forward reaction.
However, if the concentration increase occurs by decreasing the volume of an equilibrium mixture in which there are the same number of mol of particles on both sides, as in the equilibrium
          H2(g) + Cl2(g)  ⇋  2HCl(g),
the value of the concentration fraction (reaction quotient) [HCl]2/[H2][Cl2] does not change and there is no change in the yield.
A decrease in activation energy increases the reaction rate and allows the system to get to equilibrium faster but has no effect on the equilibrium yield.
A pressure increase will cause the reaction to favour the side of the equilibrium with the lower number of mol of particles. However, it has no impact on the yield of an equilibrium system with the same number of particles on both sides, as in
	H2(g) + Cl2(g)  ⇋  2HCl(g)",1,Extent of chemical reactions,4,4,4,Extent of chemical reactions,0.72956043,4
10,Question 11,student conducted an experiment to determine the rate of chemical reaction. The graph of the student’s results is shown below. time (s) concentration of product (M) Which one of the following correctly shows the units of the initial rate of reaction? A. mol −1 −1 B. mol −1 C. mol −1 D. mol,"Reaction rate is the change in the quantity of a reactant or product per unit time,
i.e.  M / s  = mol L−1 / s = mol L−1 s−1",1,Extent of chemical reactions,4,4,3,Rates of chemical reactions,0.4977898,4
11,Question 12,"Consider the following features of chemical reaction. I. activation energy II. ∆H of the reaction III.	 enthalpy of the reactants Compared with the uncatalysed reaction pathway, the presence of catalyst changes A. only. B. II only. C. II and III only. D. I, II and III.","The presence of a catalyst
lowers the activation energy
has no effect on the enthalpy change, ΔH
has no effect on the enthalpy of reactants or products.",1,Rates of chemical reactions,3,3,3,Rates of chemical reactions,0.5562165,3
12,Question 13,Which molecule can exist as both cis and trans isomer? A. CH CBrCl B. CH CHBrCl C. CH CHCHCl D. (CH CCCl,"The terms ‘cis’ and ‘trans’ are commonly associated with unsaturated compounds with a C=C double bond. These two forms must show the two carbons on either end of the double bond attached to two different atoms or groups of atoms.
One of the atoms attached to each C in the C=C double bond must be the same, and these two atoms may be on the same side (cis) of the C=C double bond, or on diagonally opposite sides of the C=C double bond (trans).
CH2CBrCl does not have cis and trans isomers because the two H atoms are attached to the same C atom.
CH3CHBrCl does not have cis and trans isomers because there is no C=C double bond in the molecule.
CH3CHCHCl does have cis and trans isomers.





	cis-1-chloropropene		trans-1-chloropropene
(CH3)2CCCl2 does not have cis and trans isomers because there is only one type of atom or group attached to each C.",1,"Structure, nomenclature and properties of organic compounds",6,6,6,"Structure, nomenclature and properties of organic compounds",0.59765035,6
13,Question 14,"The equation below shows the equilibrium reaction for the conversion of dinitrogen tetroxide, (g), to nitrogen dioxide, NO (g). (g) 2NO (g) ∆H +58.0 kJ mol −1 Which one of the following occurs when the temperature is increased from 35 °C to 80 °C? Rate of forward reaction Rate of reverse reaction A. increases decreases B. decreases decreases C. increases increases D. decreases increases","Initially, when the temperature is increased, the rates of both the forward and backward (reverse) reactions immediately increase.
Since the forward reaction is endothermic, the forward reaction is favoured as the system returns to equilibrium. 
So, the rate of the forward reaction will decrease as reactant concentrations decrease BUT at the new equilibrium the rate of the forward reaction will still be higher than prior to the temperature increase. 
The rate of the reverse reaction will further increase as the product concentrations increase.
When equilibrium is established at 80 °C, the rates of both the forward and reverse have increased compared to the equilibrium at 35 °C.
Alternatively, the rate of any reaction at 80 °C, exothermic or endothermic, would be expected to be higher than at 35 °C.",1,Extent of chemical reactions,4,4,4,Extent of chemical reactions,0.71624047,4
14,Question 15,Consider two types of drone: petrol-powered and hydrogen-fuel-cell powered. Source: elnurSS/Shutterstock.com Which one of the following statements is correct about petrol-powered drones and hydrogen-fuel-cell powered drones? A. They both produce greenhouse gases. B. Only petrol-powered drones produce heat. C. They both have the same energy transformations. D. The overall reactions in hydrogen-fuel-cell powered drones are endothermic.,"Petrol-powered drones convert chemical energy into thermal energy and mechanical energy. The reaction products are CO2(g) and H2O(g).
Hydrogen-powered drones convert chemical energy into electrical energy and thermal energy. The reaction product is H2O (g).
Since energy is released during the reaction in both types of drones, both reactions are exothermic.
Both CO2(g) and H2O(g) are greenhouse gases.",1,Carbon-based fuels,0,0,0,Carbon-based fuels,0.5255893,0
15,Question 16,Consider the following molecule. How many peaks will be observed in 13 NMR spectrum of this molecule? A. B. C.,"CH3CH2CH(CH3)COOCH(CH3)2
There are seven different carbon environments.",1,Instrumental analysis of organic compounds,9,6,9,Instrumental analysis of organic compounds,0.7428618,9
16,Question 17,"Lignite is type of brown coal. When lignite is completely combusted in power station, 19.0 MJ/tonne of energy is released. The efficiency of the power station is 39%. What mass of lignite is required to produce 42.0 MJ of usable energy in the power station? A. 0.862 tonnes B. 1.16 tonnes C. 2.21 tonnes D. 5.67 tonnes","Since the power station is only 39% efficient, 42 MJ usable energy is only 39% of the total energy released by the lignite undergoing combustion.
42 MJ = 0.39 x total energy released from lignite.
Total energy = 42 / 0.39 = 107.7 MJ
m(lignite required) 	= 107.7 MJ / 19.0 MJ tonne−1
		= 5.67 tonne",1,Measuring changes in chemical reactions,1,1,1,Measuring changes in chemical reactions,0.482402,0
17,Question 18,The graph below shows the HPLC calibration curve for folic acid. 0.50 0.45 0.40 0.35 0.30 0.25 0.20 0.15 0.10 0.05 0.00 10 15 20 25 peak area Calibration curve folic acid concentration (ng mL −1 1.00 mL sample containing an unknown concentration of folic acid is diluted to 1.00 L. The diluted sample is analysed using the calibrated equipment at the same conditions. The folic acid peak area is found to be 0.35 What is the approximate folic acid concentration in the mL sample? A. 18 pg mL −1 B. 18 ng mL −1 C. 18 mL −1 D. 18 mg mL −1,"According to the calibration curve for diluted folic acid solution:
   peak at peak area 0.35 à 18 ng mL−1 concentration.
The sample had been diluted by a factor of 1000 (1 mL to 1 L).
So, the concentration of the original undiluted sample was:
   1000 x 18 ng mL−1 = 18 x 103 ng mL−1
According to Table 6 of the Data Book:
   1 ng = 10−3 µg so 1 µg = 103 ng
Concentration of original sample = 18 µg L−1
The large number of responses for ‘B’ is indicative of the failure to allow for the dilution that occurred.",1,Instrumental analysis of organic compounds,9,9,9,Instrumental analysis of organic compounds,0.3681363,9
18,Question 19,Compare omega-6 fatty acids with saturated fatty acids containing the same number of carbon atoms. Which one of the following statements is correct? Omega-6 fatty acids A. have lower densities than saturated fatty acids. B. have higher melting points than saturated fatty acids. C. have more hydrogen atoms than saturated fatty acids. D. undergo substitution reactions more readily than saturated fatty acids.,"Omega-6 fatty acids contain a C=C double bond between the 6th and 7th carbons in the hydrocarbon chain.
This creates a kink in the chains that prevents them from packing as close together as the chains in saturated fatty acids.
Consequently omega-6 fatty acids have
lower densities 
lower melting points
than saturated fatty acids.
Because omega-6 fatty acids have C=C double bonds they undergo addition reactions, and having fewer hydrogen atoms in each molecule they undergo substitution reactions less readily than saturated fatty acids.",1,"Structure, nomenclature and properties of organic compounds",6,6,6,"Structure, nomenclature and properties of organic compounds",0.51663876,0
19,Question 20,Which one of the following is always correct when performing an accurate acid-base titration? A. Water in the burette will dilute the aliquot. B. Any acid-base indicator will give an accurate result. C. Water in the pipette causes an underestimate of the acid concentration. D. The pipette is not tapped against the conical flask to ensure accurate volume delivery.,"There was no correct or best answer to this question and all students were awarded the mark.
Water in the burette will dilute the liquid being added from the burette and cause a larger titre for a particular indicator.
For a specific titration, different indicators will show different endpoints and result in different titre volumes. 
Using methyl red (pH 4.4–6.2) rather phenolphthalein (pH 8.3–10) for the titration of CH3COOH(aq) by NaOH(aq) will require a smaller titre volume and lead to a less accurate result. Both indicators may lead to precise results but only the use of the correct indicator will produce an accurate result.
Water in the pipette reduces the concentration of the aliquot in the titration flask, causing a smaller titre to be used. So, in the titration of a base – in the aliquot – by an acid, the smaller titre volume will lead to an overestimation of the acid concentration.
According to the Royal Australian Chemical Institute (RACI; www.raci.org.au) – ‘A Guide to Titration’:
‘Insert the tip of the pipette well inside the titration flask, remove the filler, and allow the solution to drain with the pipette held vertically. Then touch the tip of the pipette against the side of the flask at the liquid/air interface for 10 seconds to complete the draining.’
The distinction between touch and tap was considered too fine a distinction for students to make, and since there should be some contact between the tip of the burette and the inside of the conical flask, alternative D was also considered incorrect.",1,Investigation design,12,4,8,Laboratory analysis of organic compounds,0.2997257,8
20,Question 21,Which one of the following statements about denaturation is correct? Denaturation A. can only be caused by changes in temperature or the addition of acids. B. causes the reversible change of protein’s shape. C. hydrolyses the primary structure of protein. D. alters the secondary structure of protein.,"Denaturation can also be caused by certain chemicals as well as changes in pH or temperature.
Denaturation changes are generally considered as being irreversible in the environment in which they occur.
Denaturation does not affect the primary structure.
Denaturation alters the secondary (and tertiary and quaternary) structures.",1,Medicinal chemistry,10,6,10,Medicinal chemistry,0.09349585,4
21,Question 22,"Methane, CH and methanol, CH OH, can both be used to power fuel cells. Methane and methanol fuel cells produce A. the same amount of greenhouse gases and the same number of electrons per mol of fuel reacted. B. the same amount of greenhouse gases and different number of electrons per mol of fuel reacted. C. different amount of greenhouse gases and the same number of electrons per mol of fuel reacted. D. different amount of greenhouse gases and different number of electrons per mol of fuel reacted.","The relevant equations and half equations are:
CH4 + 2O2 à CO2 + 2H2O
CH4 + 2H2O à CO2 + 8H+ + 8e−

CH3OH + 1½O2 à CO2 + 2H2O
CH3OH + H2O à CO2 + 6H+ + 6e−
The amounts of greenhouse gas per mol of fuel are the same – 1 mol CO2 and 2 mol H2O – for both CH4 and CH3OH.
The numbers of electrons per mol of fuel are different for the two fuels: 8 mol for CH4 and 6 mol for CH3OH.",1,Carbon-based fuels,0,0,2,Primary galvanic cells and fuel cells as sources of energy,0.4934127,0
22,Question 23,Which one of the following is the semi-structural formula of 2-methylpent-1-ene? A. (CH CCHCH CH B. (CH CHCH CHCH C. CH C(CH )CH CH CH D. CH CHCH(CH )CH CH,"2-methylpent-1-ene.
The structural formula is:
Therefore, the semi-structural formula is
CH3CH2CH2C(CH3)CH2  or  CH2C(CH3)CH2CH2CH3",1,"Structure, nomenclature and properties of organic compounds",6,6,6,"Structure, nomenclature and properties of organic compounds",0.831854,6
23,Question 24,"Which one of the following statements about acidic propan-1-ol fuel cells is correct? A. Positive ions flow through the membrane to the cathode. B. The voltage decreases since the reactants are used up in the half-cell reactions. C. is formed at the negative electrode and CO is formed at the positive electrode. D. Since it is gas, is the only reactant that must have direct contact with the electrode.","Half equations in a CH3CH2CH2OH / O2 fuel cell with acid electrolyte:
   Anode (−) C3H8O(l) + 5H2O(l)  à 3CO2(g) + 18H+(aq) + 18e−
   Cathode (+) O2(g) + 4H+(aq) + 4e−  à 2H2O(l)
Cations, H+(aq), flow through the electrolyte from the anode (−) to the cathode (+).
Since there is a continuous supply of reactants, the voltage would not be expected to decrease.
H2O is formed at the positive electrode and CO2 is formed at the negative electrode.
All reactants must have direct contact with the relevant electrodes.",1,Primary galvanic cells and fuel cells as sources of energy,2,5,2,Primary galvanic cells and fuel cells as sources of energy,0.6183929,2
24,Question 25,"Below are the half-equations for the lead-acid accumulator cell. The lead-acid accumulator cell can operate as an electrolytic cell. PbSO (s) (aq) 2e Pb(s) HSO (aq) 	− 0.36 PbO (s) HSO (aq) 3H (aq) 2e PbSO (s) 2H O(l) 1.69 Which one of the following correctly describes the lead-acid accumulator cell when it is operating as galvanic cell and when it is operating as an electrolytic cell? Galvanic cell Electrolytic cell A. ions react at the cathode. HSO ions react at both electrodes. B. ions react at the anode. HSO ions react at both electrodes. C. ions react at the cathode. HSO ions are produced at both electrodes. D. ions react at the anode. HSO ions are produced at both electrodes. Use the following information to answer Questions 26 and 27. student investigated the viscosity of several biofuels. The flow rate of each biofuel through narrow glass tube was measured. The results are presented in the tables below. Table 1: Flow rate (mL min −1 of biodiesels produced using sodium hydroxide, NaOH(aq), catalyst Alcohol used in biodiesel production with NaOH catalyst Methanol Ethanol Oil used in biodiesel production sunflower oil 4.8 4.4 canola oil 5.1 4.7 Table 2: Flow rate (mL min –1 of biodiesels produced using potassium hydroxide, KOH(aq), catalyst Alcohol used in biodiesel production with KOH catalyst Methanol Ethanol Oil used in biodiesel production sunflower oil 4.9 4.4 canola oil 4.8 4.6","Galvanic cell: discharge
Anode (−)
   Pb(s) + HSO4−(aq) à PbSO4(s) + H+(aq) + 2e−
Cathode (+)
   PbO2(s) + HSO4−(aq) + 3H+(aq) + 2e− à PbSO4(s) + 2H2O(l)

Electrolytic cell: recharge
Anode (+)
   PbSO4(s) + 2H2O(l) à PbO2(s) + HSO4−(aq) + 3H+(aq) + 2e−
Cathode (−)
   PbSO4(s) + H+(aq) + 2e- à Pb(s) + HSO4−(aq)
H+ ions react at the cathode in the galvanic cell.
HSO4− ions are produced at both electrodes in the electrolytic cell.",1,Primary galvanic cells and fuel cells as sources of energy,2,2,5,Production of chemicals using electrolysis,0.75575256,0
25,Question 26,How many independent variables are there in this investigation? A. B. C. D.,"There are three independent variables, since there are three things that would be altered by the student during the investigation:
the type of oil – sunflower or canola
the catalyst used – NaOH(aq) or KOH(aq)
the alcohol used – methanol or ethanol",1,Investigation design,12,12,11,How is scientific inquiry used to investigate the sustainable production of energy and/or materials?,0.5868187,12
26,Question 27,Select the most valid conclusion that can be drawn from the student’s results presented in Table and Table 2. A. Biodiesels made from sunflower oil have higher viscosity than biodiesels made from canola oil. B. Biodiesels made from methanol have lower viscosity than biodiesels made from ethanol. C. Biodiesels are unsuitable for use in cold climates because they have higher viscosity than petrodiesels. D. Biodiesels made using NaOH(aq) catalyst have lower viscosity than biodiesels made using KOH(aq) catalyst.,"The lower the flow rate of a biodiesel, the higher the viscosity; the higher the flow rate, the lower the viscosity.
Using NaOH(aq) as a catalyst:
The viscosity of canola oil is lower than the viscosity of sunflower oil for both methanol and ethanol. 
However, the viscosities of both sunflower oil and canola oil are lower when made from methanol, since the flow rates are higher than the flow rates using ethanol.

Using KOH(aq) as a catalyst:
Methanol: viscosity of canola oil is higher than the viscosity of sunflower oil
Ethanol: viscosity of canola oil is lower than the viscosity of sunflower oil.
Again, the viscosities of both sunflower oil and canola oil are lower when made from methanol since the flow rates are higher than the flow rates using ethanol.

Biodiesels made from methanol have a higher flow rate, and hence a lower viscosity, than biodiesels made from ethanol.
The relative suitability of biodiesels and petrodiesel in cold climates cannot be deduced from the results presented.
The flow rate of the biodiesel made from sunflower oil and methanol is lower when NaOH is used (4.8) than it is when KOH is used (4.9). In this instance the viscosity of the biodiesel is higher when NaOH(aq) is used than when KOH(aq) is used.",1,Carbon-based fuels,0,0,12,Investigation design,0.38897,0
27,Question 28,"Consider the half-cell equations and their half-cell potentials in the table below. Half-cell equations Standard electrode potential in volts at 25 °C Mn 3+ (aq) Mn 2+ (aq) +1.56 SO 2− (aq) 3H O(l) 4e 2− (aq) 6OH (aq) −0.57 SO 2− (aq) O(l) 2e SO 2− (aq) 2OH (aq) −0.94 Mn 2+ (aq) 2e Mn(s) −1.18 galvanic cell contains 2− (aq), SO 2− (aq) and OH (aq) with platinum electrode in the first half-cell and Mn 3+ (aq) and Mn 2+ (aq) in the second half-cell. All solutions are 1M solutions and the cell is at SLC. The galvanic cell will deliver A. 2.50 if the electrode in the second half-cell is Mn(s). B. 2.50 if the electrode in the second half-cell is Pt(s). C. 1.75 if the electrode in the second half-cell is Mn(s). D. 1.75 if the electrode in the second half-cell is Pt(s).","The half-cell potentials relating to the cell are:
Mn3+(aq) + e− ⇋ Mn2+(aq)				+1.56 V
SO42−(aq) + H2O(l) + 2e− ⇋ SO32−(aq) + 2OH−(aq) 	−0.94 V
The cell will produce 2.50 V as SO32−(aq) is oxidised to SO42−(aq), and Mn3+(aq) is reduced to Mn2+(aq).
In both half-cells and in each half-equation, the oxidising and reducing agents are ions in solution and the electrodes on both cells will be unreactive conductors, in this case Pt, an inert metal. Mn would be inappropriate in an Mn3+(aq)/Mn2+(aq) half-cell in any circumstance because it would be oxidised in the half-cell by Mn3+(aq).",1,Production of chemicals using electrolysis,5,2,2,Primary galvanic cells and fuel cells as sources of energy,0.86084056,2
28,Question 29,Which one of the following statements about mass spectrometry is always correct? A. The relative molecular mass of molecule is determined from the base peak. B. The peaks in mass spectrum are caused by the presence of different isotopes. C. The base peak is formed when an uncharged species is removed from the molecule. D. The height of each peak in the mass spectrum is measured relative to the height of the base peak.,"In mass spectrometry molecules are ionised as result of bombardment with high-energy electrons. The positive ions produced are deflected in a magnetic field according to their m/z ratios.
The relative molecular mass of a compound is determined from the significant peak with highest m/z ratio.
The base peak is associated with the most abundant species formed during fragmentation / the base peak represents the most abundant fragment produced and the relative height of the peak at that m/z ratio is set at 100.
The base peak represents the most common fragment produced during the impact of the electron beam on the parent molecule ion cation. It can also be formed from fragments larger than itself.
The major peaks on a mass spectrum occur at the m/z ratios of the different fragments / ions produced in the mass spectrometer. The very small peaks, usually one m/z unit higher, may be associated with different isotopes.
The heights of peaks on the mass spectrum are all relative to the height of the base peak, which is set at 100.",1,Instrumental analysis of organic compounds,9,9,9,Instrumental analysis of organic compounds,0.4061086,9
29,Question 30,"At standard conditions, solutions of hydrogen peroxide, iron(III) nitrate, Fe(NO and iron(II) nitrate, Fe(NO were added to beaker. The initial concentrations of Fe(NO and Fe(NO in the beaker were all M. beaker (aq) Fe(NO (aq) Fe(NO (aq) Which one of the following statements is correct? A. Iron, Fe, is deposited at the bottom of the beaker. B. The two half-reactions in the beaker immediately produce 1.09 V. C. The concentration of (aq) decreases immediately since it is the strongest reducing agent. The temperature of the contents in the beaker decreases immediately when Fe(NO (aq) reacts with (aq)","The relative locations of the species H2O2(aq), Fe3+(aq) and Fe2+(aq) on the electrochemical series:
H2O2(aq) + 2H+(aq) + 2e- ⇋ 2H2O(l) 		+1.77 V
Fe3+(aq) + e- ⇋ Fe2+(aq)			+0.77 V
O2(s) + 2H+(aq) + 2e- ⇋ H2O2(aq)		+0.68 V
Fe2+(aq) + 2e− ⇋ Fe(s)	                	−0.44 V
H2O2(aq) is both the strongest oxidising agent and the strongest reducing agent present.
The equation for the redox reaction occurring will be
2H2O2(aq) à O2(g) + 2H2O(l). 
So, the concentration of H2O2(aq) decreases.
The reaction cannot produce a voltage because it is not in an electrochemical cell.
The reaction is exothermic, so the temperature of the contents increases.",1,Extent of chemical reactions,4,2,2,Primary galvanic cells and fuel cells as sources of energy,0.32349557,4
30,Question 1a.,"Coconut oil consists almost entirely of fats and oils. The typical fatty acid composition of coconut oil is shown in the following table. Name Formula Percentage (%) caprylic acid 16 capric acid 10 20 lauric acid 12 24 49 myristic acid 14 28 18 palmitic acid 16 32 stearic acid 18 36 oleic acid 18 34 linoleic acid 18 32 Source: adapted from Boateng, Ansong, Owusu and Steiner-Asiedu, ‘Coconut oil and palm oil’s role in nutrition, health and national development: review’, Ghana Medical Journal 2016, National Library of Medicine, <ncbi.nlm.nih.gov/pmc/articles/PMC5044790/>Determine the percentage of omega-3 fatty acids typically found in coconut oil."," This question contained conflicting information; therefore, the decision was made to award all students the mark for this question. 0% was the correct answer if the name linoleic acid was used. 2% was potentially also a correct answer if the chemical formula was used, as this formula matched that of linolenic acid which is an omega-3 fatty acid.",3,"Structure, nomenclature and properties of organic compounds",6,6,6,"Structure, nomenclature and properties of organic compounds",0.54104793,7
31,Question 1b.,"Coconut oil consists almost entirely of fats and oils. The typical fatty acid composition of coconut oil is shown in the following table. Name Formula Percentage (%) caprylic acid 16 capric acid 10 20 lauric acid 12 24 49 myristic acid 14 28 18 palmitic acid 16 32 stearic acid 18 36 oleic acid 18 34 linoleic acid 18 32 Source: adapted from Boateng, Ansong, Owusu and Steiner-Asiedu, ‘Coconut oil and palm oil’s role in nutrition, health and national development: review’, Ghana Medical Journal 2016, National Library of Medicine, <ncbi.nlm.nih.gov/pmc/articles/PMC5044790/>State why coconut oil is resistant to oxidative rancidity.", The mark was awarded for stating either of: ‘Coconut oil consists of mainly saturated fatty acids.’ ‘Coconut oil consists of very few molecules with C=C present.’ A clear reference to the degree of unsaturation being linked to oxidative rancidity was required.,3,"Structure, nomenclature and properties of organic compounds",6,8,7,Reactions of organic compounds,0.55671805,7
32,Question 1c.,"Coconut oil consists almost entirely of fats and oils. The typical fatty acid composition of coconut oil is shown in the following table. Name Formula Percentage (%) caprylic acid 16 capric acid 10 20 lauric acid 12 24 49 myristic acid 14 28 18 palmitic acid 16 32 stearic acid 18 36 oleic acid 18 34 linoleic acid 18 32 Source: adapted from Boateng, Ansong, Owusu and Steiner-Asiedu, ‘Coconut oil and palm oil’s role in nutrition, health and national development: review’, Ghana Medical Journal 2016, National Library of Medicine, <ncbi.nlm.nih.gov/pmc/articles/PMC5044790/>Coconut oil reacts in the body to produce fatty acids. Name the other product of this reaction.", Glycerol,3,"Structure, nomenclature and properties of organic compounds",6,8,7,Reactions of organic compounds,0.3861165,7
33,Question 1d.,"Coconut oil consists almost entirely of fats and oils. The typical fatty acid composition of coconut oil is shown in the following table. Name Formula Percentage (%) caprylic acid 16 capric acid 10 20 lauric acid 12 24 49 myristic acid 14 28 18 palmitic acid 16 32 stearic acid 18 36 oleic acid 18 34 linoleic acid 18 32 Source: adapted from Boateng, Ansong, Owusu and Steiner-Asiedu, ‘Coconut oil and palm oil’s role in nutrition, health and national development: review’, Ghana Medical Journal 2016, National Library of Medicine, <ncbi.nlm.nih.gov/pmc/articles/PMC5044790/>Coconut oil can be metabolised by the body to produce caprylic acid. Write the molecular formula of the molecule found in coconut oil that can be metabolised to produce three caprylic acid molecules. Coconut oil contains vitamin E, and negligible quantities of other vitamins and minerals. The structure of vitamin is given below. HO CH CH CH CH CH CH CH", C27H50O6 Students found it difficult to reassemble this triglyceride from its components.,3,"Structure, nomenclature and properties of organic compounds",6,8,6,"Structure, nomenclature and properties of organic compounds",0.48294994,7
34,Question 1e.,"Coconut oil consists almost entirely of fats and oils. The typical fatty acid composition of coconut oil is shown in the following table. Name Formula Percentage (%) caprylic acid 16 capric acid 10 20 lauric acid 12 24 49 myristic acid 14 28 18 palmitic acid 16 32 stearic acid 18 36 oleic acid 18 34 linoleic acid 18 32 Source: adapted from Boateng, Ansong, Owusu and Steiner-Asiedu, ‘Coconut oil and palm oil’s role in nutrition, health and national development: review’, Ghana Medical Journal 2016, National Library of Medicine, <ncbi.nlm.nih.gov/pmc/articles/PMC5044790/>Explain why vitamin is soluble in coconut oil. Scientists are investigating the possibility of using coconut oil with an aqueous electrolyte of potassium hydroxide, KOH(aq), to power fuel cell.", The first mark was awarded for recognising that both vitamin E and coconut oil are non-polar compounds. The second mark was awarded for recognising that the vitamin E would then dissolve in coconut oil because of the dispersion forces that would form between these two compounds.,4,"Structure, nomenclature and properties of organic compounds",6,8,6,"Structure, nomenclature and properties of organic compounds",0.2971838,7
35,Question 1f.i.,"Coconut oil consists almost entirely of fats and oils. The typical fatty acid composition of coconut oil is shown in the following table. Name Formula Percentage (%) caprylic acid 16 capric acid 10 20 lauric acid 12 24 49 myristic acid 14 28 18 palmitic acid 16 32 stearic acid 18 36 oleic acid 18 34 linoleic acid 18 32 Source: adapted from Boateng, Ansong, Owusu and Steiner-Asiedu, ‘Coconut oil and palm oil’s role in nutrition, health and national development: review’, Ghana Medical Journal 2016, National Library of Medicine, <ncbi.nlm.nih.gov/pmc/articles/PMC5044790/>Write the half-equation that would occur at the cathode of coconut oil fuel cell in an alkaline electrolyte."," O2(g)  +  2H2O(l)  +  4e−    4OH−(aq) Students were required to present this equation, with correct states (available in the Data Book), using a single-headed arrow. This was a challenging question for students, demonstrating the difficulty they continue to have with interpreting redox questions.",3,"Structure, nomenclature and properties of organic compounds",6,5,2,Primary galvanic cells and fuel cells as sources of energy,0.2748029,0
36,Question 1f.ii.,"Coconut oil consists almost entirely of fats and oils. The typical fatty acid composition of coconut oil is shown in the following table. Name Formula Percentage (%) caprylic acid 16 capric acid 10 20 lauric acid 12 24 49 myristic acid 14 28 18 palmitic acid 16 32 stearic acid 18 36 oleic acid 18 34 linoleic acid 18 32 Source: adapted from Boateng, Ansong, Owusu and Steiner-Asiedu, ‘Coconut oil and palm oil’s role in nutrition, health and national development: review’, Ghana Medical Journal 2016, National Library of Medicine, <ncbi.nlm.nih.gov/pmc/articles/PMC5044790/>State one design feature of the cathode that helps the fuel cell operate efficiently."," The design feature of the cathode could have been any of the following concepts:
porous / high surface area / catalyst added to surface.",3,"Structure, nomenclature and properties of organic compounds",6,5,2,Primary galvanic cells and fuel cells as sources of energy,0.3203222,7
37,Question 1g.,"Coconut oil consists almost entirely of fats and oils. The typical fatty acid composition of coconut oil is shown in the following table. Name Formula Percentage (%) caprylic acid 16 capric acid 10 20 lauric acid 12 24 49 myristic acid 14 28 18 palmitic acid 16 32 stearic acid 18 36 oleic acid 18 34 linoleic acid 18 32 Source: adapted from Boateng, Ansong, Owusu and Steiner-Asiedu, ‘Coconut oil and palm oil’s role in nutrition, health and national development: review’, Ghana Medical Journal 2016, National Library of Medicine, <ncbi.nlm.nih.gov/pmc/articles/PMC5044790/>State one reason why it may be better to obtain energy from coconut oil using fuel cell rather than direct combustion.", Students were required to link the concept of higher efficiency being associated with the fuel cell when compared with direct combustion.,3,"Structure, nomenclature and properties of organic compounds",6,2,2,Primary galvanic cells and fuel cells as sources of energy,0.37149006,0
38,Question 1h.,"Coconut oil consists almost entirely of fats and oils. The typical fatty acid composition of coconut oil is shown in the following table. Name Formula Percentage (%) caprylic acid 16 capric acid 10 20 lauric acid 12 24 49 myristic acid 14 28 18 palmitic acid 16 32 stearic acid 18 36 oleic acid 18 34 linoleic acid 18 32 Source: adapted from Boateng, Ansong, Owusu and Steiner-Asiedu, ‘Coconut oil and palm oil’s role in nutrition, health and national development: review’, Ghana Medical Journal 2016, National Library of Medicine, <ncbi.nlm.nih.gov/pmc/articles/PMC5044790/>Give one reason why coconut oil may not be practical fuel for fuel cell. Do not refer to environmental issues or sustainability in your answer."," Students were required to provide a viable reason and then link this to the practical application of a fuel cell. Typical examples included: ‘Coconut oil is viscous (reason) and this means that it may be difficult for the fuel to then flow effectively through the cell (application).’ ‘Coconut oil is non-polar and therefore not soluble in water (reason) and this means that it may be difficult for the fuel to effectively interact with the aqueous alkaline electrolyte (application).’ Many students believed that fuel cells require gaseous fuels to be able to operate; however, this is not a requirement of a fuel cell. There are numerous applications where the fuel is a liquid or a solute present in a solution.",4,"Structure, nomenclature and properties of organic compounds",6,0,2,Primary galvanic cells and fuel cells as sources of energy,0.32867664,0
39,Question 2a.,"Cow’s milk contains proteins, fats and carbohydrates. The main carbohydrate in cow’s milk is lactose. The reaction for the breakdown of lactose is catalysed by the enzyme lactase as shown below. CH OH HO OH OH CH OH OH OH OH CH OH HO OH OH OH CH OH HO OH OH OH reactant lactase α-lactoselinkage has been circled with dashed line in the lactose molecule shown above. Name the circled linkage.", Glycosidic link,3,Reactions of organic compounds,7,13,6,"Structure, nomenclature and properties of organic compounds",0.50485986,7
40,Question 2b.i.,"Cow’s milk contains proteins, fats and carbohydrates. The main carbohydrate in cow’s milk is lactose. The reaction for the breakdown of lactose is catalysed by the enzyme lactase as shown below. CH OH HO OH OH CH OH OH OH OH CH OH HO OH OH OH CH OH HO OH OH OH reactant lactase α-lactoseExplain what the GI of food indicates."," The first mark was awarded if the student conveyed the concept that the glycaemic index is a measure of the rise in the blood glucose levels after a food is eaten. For the second mark, students were then required to provide one piece of additional material from the following list: Relative to glucose. Glucose has a GI value of 100 (reference compound). The blood glucose levels should be measured 2 hours after the ingestion of food. GI is linked to the rate at which the food is being metabolised to produce glucose.",4,Reactions of organic compounds,7,0,10,Medicinal chemistry,0.37220877,0
41,Question 2b.ii.,"Cow’s milk contains proteins, fats and carbohydrates. The main carbohydrate in cow’s milk is lactose. The reaction for the breakdown of lactose is catalysed by the enzyme lactase as shown below. CH OH HO OH OH CH OH OH OH OH CH OH HO OH OH OH CH OH HO OH OH OH reactant lactase α-lactoseState why the breakdown of lactose, as shown above, contributes to the GI of lactose.", A glucose molecule is produced when lactose is hydrolysed / metabolised / broken down. Significant issues arose with this question where students incorrectly believed that the hydrolysis of lactose produced two glucose units rather than glucose and galactose.,3,Reactions of organic compounds,7,0,10,Medicinal chemistry,0.43495938,7
42,Question 2c.i.,"Cow’s milk contains proteins, fats and carbohydrates. The main carbohydrate in cow’s milk is lactose. The reaction for the breakdown of lactose is catalysed by the enzyme lactase as shown below. CH OH HO OH OH CH OH OH OH OH CH OH HO OH OH OH CH OH HO OH OH OH reactant lactase α-lactoseProline is found both in cow’s milk and in the enzyme lactase. Proline is not an essential amino acid. The structure of proline is shown in the data book.State why proline is not an essential amino acid.", Proline can be synthesised in the body.,3,Reactions of organic compounds,7,7,10,Medicinal chemistry,0.5640586,7
43,Question 2c.ii.,"Cow’s milk contains proteins, fats and carbohydrates. The main carbohydrate in cow’s milk is lactose. The reaction for the breakdown of lactose is catalysed by the enzyme lactase as shown below. CH OH HO OH OH CH OH OH OH OH CH OH HO OH OH OH CH OH HO OH OH OH reactant lactase α-lactoseProline is found both in cow’s milk and in the enzyme lactase. Proline is not an essential amino acid. The structure of proline is shown in the data book.Draw the structure of proline as it would be in an acidic solution."," or To gain this mark, students must have shown the correct number of hydrogens on the nitrogen atom and the nitrogen atom must also be shown with an associated positive charge. A mark was not awarded if the charge was associated with the hydrogens in this structure.",3,Reactions of organic compounds,7,14,6,"Structure, nomenclature and properties of organic compounds",0.5399199,7
44,Question 2c.iii.,"Cow’s milk contains proteins, fats and carbohydrates. The main carbohydrate in cow’s milk is lactose. The reaction for the breakdown of lactose is catalysed by the enzyme lactase as shown below. CH OH HO OH OH CH OH OH OH OH CH OH HO OH OH OH CH OH HO OH OH OH reactant lactase α-lactoseProline is found both in cow’s milk and in the enzyme lactase. Proline is not an essential amino acid. The structure of proline is shown in the data book.Proline is found in proteins throughout the human body. Identify two types of enzyme-catalysed chemical reactions involving proline in the human body.", Any two of the following statements were awarded marks. Proline can: undergo condensation reactions to form proteins/enzymes be formed from hydrolysis reactions of proteins/enzymes undergo oxidation reactions as it is broken down into smaller molecules.,4,Reactions of organic compounds,7,7,10,Medicinal chemistry,0.5931602,7
45,Question 2c.iv.,"Cow’s milk contains proteins, fats and carbohydrates. The main carbohydrate in cow’s milk is lactose. The reaction for the breakdown of lactose is catalysed by the enzyme lactase as shown below. CH OH HO OH OH CH OH OH OH OH CH OH HO OH OH OH CH OH HO OH OH OH reactant lactase α-lactoseProline is found both in cow’s milk and in the enzyme lactase. Proline is not an essential amino acid. The structure of proline is shown in the data book.Explain why proline has two optical isomers. v. Only one of proline’s optical isomers is found in lactase. Explain why lactase must contain the correct optical isomer of proline to function as an enzyme in the digestion of cow’s milk.", The first mark was awarded for recognition that proline contains a chiral carbon. The second mark was awarded when the student did one of the following: identified the chiral carbon in the molecule described how it could be identified by having four different groups attached stated that the two optical isomers formed were non-superimposable mirror images (enantiomers).,4,Reactions of organic compounds,7,6,6,"Structure, nomenclature and properties of organic compounds",0.5651075,7
46,Question 3a.i.,Propane is used as fuel for barbeques.Calculate the amount of energy released when 140.0 of propane is completely combusted.," The first mark was awarded for recognition that the incorrect optical isomer of proline would alter the primary structure of the enzyme (wrong conformation) and cause the active site of lactase to change shape. The second mark was awarded for recognition that with a changed active site in the lactase, the lactose substrate would then no longer have the correct conformation/shape to match. Hence the lactose in milk would not be as effectively digested. A significant number of students failed to distinguish that the proline was part of the primary amino acid sequence of the enzyme and instead referred to proline as the substrate in this reaction.",4,Measuring changes in chemical reactions,1,7,10,Medicinal chemistry,0.8725457,1
47,Question 3a.ii.,Propane is used as fuel for barbeques.Write thermochemical equation for the complete combustion of propane at SLC., Heat of combustion is 50.5 kJ g−1 Therefore 50.5  140 = 7.07 103 kJ (7.06 103 kJ was also a valid response). Incorrect units such as kJ g−1 were commonly seen but could not be awarded marks.,3,Measuring changes in chemical reactions,1,1,0,Carbon-based fuels,0.83493483,1
48,Question 3a.iii.,Propane is used as fuel for barbeques.Sketch the energy profile for the complete combustion of propane on the axes provided below. energy reaction progress," C3H8(g) + 5O2(g) → 3CO2(g) + 4H2O(l)           ΔH  = −2220 kJ mol−1  or  −2220 kJ Either kJ mol−1 or kJ were accepted as viable units for ΔH. The first mark was awarded for a correctly balanced chemical equation with correct states. The second mark was awarded for the correct ΔH value with correct units. This question was well done, although some students were still attempting to use ΔH  = −50.5 kJ g−1, which is not applicable for a thermochemical equation. Since the question explicitly stated at SLC, the states had to be (g) for propane and (l) for water, and this also was not always recognised.",4,Measuring changes in chemical reactions,1,1,0,Carbon-based fuels,0.64486927,0
49,Question 3a.iv.,Propane is used as fuel for barbeques.State how the energy profile for the incomplete combustion of propane would differ from the diagram you drew in part, The mark was awarded for the correct exothermic profile being shown.,3,Measuring changes in chemical reactions,1,0,0,Carbon-based fuels,0.62894636,0
50,Question 3a.iii,Justify your answer.," The first mark was awarded for recognising that the products of incomplete combustion needed to have a higher energy than shown for the complete combustion (but still below the reactants). The second mark was awarded when the student identified this as being due to the incomplete oxidation of the reactants, which is the reason for less energy being released. Students commonly tried to explain the reason for the energy difference as being due to the ‘incomplete combustion’ rather than incomplete oxidation, but as this term was already stated in the stem of the question, this was not an acceptable approach.",4,Extent of chemical reactions,4,0,0,Carbon-based fuels,0.0,11
51,Question 3b.i.,"An equation for the complete combustion of ethanol, OH, is shown below. OH (l) 3O (g) 2CO (g) 3H O(l)96.0 of ethanol completely combusts and the CO produced is collected. Calculate the volume of tank required to store the captured CO at 15.0 °C and 100.0 kPa.", The first mark was awarded for the correct calculation of n(ethanol) = 96.0/46.0 = 2.09 mol The second mark was awarded for the correct calculation of n(CO2) = 2  2.09 = 4.17 mol The third mark was awarded for the correct calculation of the volume with units. V(CO2) = (4.17  8.31  288) / 100 = 99.9 L,5,Measuring changes in chemical reactions,1,1,0,Carbon-based fuels,0.6461637,1
52,Question 3b.ii.,"An equation for the complete combustion of ethanol, OH, is shown below. OH (l) 3O (g) 2CO (g) 3H O(l)The molar mass of ethanol is 46.0 mol −1 and the molar mass of propane is 44.0 mol −1 State whether the flashpoint of ethanol is higher or lower than the flashpoint of propane. Explain the reasons for your choice with reference to the structure of both molecules."," The first mark was awarded for stating that the flashpoint of ethanol is higher than the flashpoint of propane. The second mark was awarded when the student clearly recognised the structural component of either ethanol and/or propane that was the major factor affecting the flashpoint. Typically, students referred to the presence of the hydroxyl group as being the major factor in the structure of ethanol. The third mark was awarded for discussion around the need for a greater amount of energy and/or the higher temperature that would be required to break the intermolecular bonds in ethanol.",5,Measuring changes in chemical reactions,1,6,6,"Structure, nomenclature and properties of organic compounds",0.3226347,1
53,Question 4a.i.,"The diagram below shows reaction pathway starting with but-1-ene. but-1-ene O(g)/H PO (s) 300 °C (aq)/Cr 2− (aq) Compound Compound Compound Compound butanoic acid ethanamineBut-1-ene can react with water vapour at 300 °C with PO (s) as catalyst to produce two different products, Compound and Compound R. Only Compound can react to produce butanoic acid.Name the type of reaction that forms Compound and Compound from but-1-ene.", Addition or hydration,3,Reactions of organic compounds,7,14,7,Reactions of organic compounds,0.3358014,7
54,Question 4a.ii.,"The diagram below shows reaction pathway starting with but-1-ene. but-1-ene O(g)/H PO (s) 300 °C (aq)/Cr 2− (aq) Compound Compound Compound Compound butanoic acid ethanamineBut-1-ene can react with water vapour at 300 °C with PO (s) as catalyst to produce two different products, Compound and Compound R. Only Compound can react to produce butanoic acid.Give the IUPAC name of Compound in the box provided on the diagram above.", Butan-2-ol or 2-butanol,3,Reactions of organic compounds,7,8,6,"Structure, nomenclature and properties of organic compounds",0.3008179,7
55,Question 4b.,"The diagram below shows reaction pathway starting with but-1-ene. but-1-ene O(g)/H PO (s) 300 °C (aq)/Cr 2− (aq) Compound Compound Compound Compound butanoic acid ethanamineAs shown in the diagram, compound can oxidise completely with acidified potassium dichromate solution, (aq)/Cr 2− (aq), to form butanoic acid. Compound can also undergo incomplete oxidation to form Compound T. Draw the structural formula of Compound in the space below.",,3,Reactions of organic compounds,7,14,7,Reactions of organic compounds,0.30493632,7
56,Question 4c.,"The diagram below shows reaction pathway starting with but-1-ene. but-1-ene O(g)/H PO (s) 300 °C (aq)/Cr 2− (aq) Compound Compound Compound Compound butanoic acid ethanamineUnder certain conditions, butanoic acid reacts with ethanamine to produce Compound S. Draw the skeletal formula for Compound in the box provided on the diagram on page 20.", The first mark was awarded for showing a correct amide linkage. The second mark was awarded for the correct skeletal representation of the final molecule.,4,Reactions of organic compounds,7,6,7,Reactions of organic compounds,0.29834008,7
57,Question 4d.,The diagram below shows reaction pathway starting with but-1-ene. but-1-ene O(g)/H PO (s) 300 °C (aq)/Cr 2− (aq) Compound Compound Compound Compound butanoic acid ethanamineButanoic acid can also react with ethanol in the presence of suitable catalyst to produce an ester. The molar mass of the ester produced is 116.0 mol −1 Calculate the atom economy for this reaction., The first mark was awarded for the % atom economy formula being applied: 100 The second mark was awarded for the correct value of 86.6% (87% or 86.57%). This was not a significant figure question.,4,Reactions of organic compounds,7,8,7,Reactions of organic compounds,0.39691666,7
58,Question 5a.,"Hydrogen gas, (g), can be produced by reacting methane, CH (g), with steam, O(g), at 300 °C in the presence of suitable catalyst. The equation for the reaction is shown below. CH (g) 2H O(g) CO (g) 4H (g) ∆H +165 kJ mol −1State source of CH (g)."," Any one of the following: 
organic waste matter / biomass / coal seam gas / cattle / biogas / anaerobic respiration / fossil fuels / natural gas / fracking.",3,Measuring changes in chemical reactions,1,0,0,Carbon-based fuels,0.52906483,1
59,Question 5b.i.,"Hydrogen gas, (g), can be produced by reacting methane, CH (g), with steam, O(g), at 300 °C in the presence of suitable catalyst. The equation for the reaction is shown below. CH (g) 2H O(g) CO (g) 4H (g) ∆H +165 kJ mol −1suitable catalyst plus 25.0 mol of CH (g) and 25.0 mol of O(g) are placed into an empty, sealed 100.0 container at 300 °C. After the reaction has reached equilibrium, the container contains 6.12 mol H (g).Write an expression for the equilibrium constant.",,3,Measuring changes in chemical reactions,1,14,4,Extent of chemical reactions,0.5373623,1
60,Question 5b.ii.,"Hydrogen gas, (g), can be produced by reacting methane, CH (g), with steam, O(g), at 300 °C in the presence of suitable catalyst. The equation for the reaction is shown below. CH (g) 2H O(g) CO (g) 4H (g) ∆H +165 kJ mol −1suitable catalyst plus 25.0 mol of CH (g) and 25.0 mol of O(g) are placed into an empty, sealed 100.0 container at 300 °C. After the reaction has reached equilibrium, the container contains 6.12 mol H (g).Calculate the equilibrium constant, for this reaction at 300 °C."," =  1.90  10−5 M2 The first mark was awarded for the correct equilibrium amounts. The second mark was awarded for the correct equilibrium concentrations. The third mark was awarded for the correctly calculated value for K. The fourth mark was awarded for the correct units being shown. This question was generally well done, with clear structured responses that allowed for easy allocation of consequential marks.",6,Measuring changes in chemical reactions,1,4,4,Extent of chemical reactions,0.54724383,1
61,Question 5c.,"Hydrogen gas, (g), can be produced by reacting methane, CH (g), with steam, O(g), at 300 °C in the presence of suitable catalyst. The equation for the reaction is shown below. CH (g) 2H O(g) CO (g) 4H (g) ∆H +165 kJ mol −1The temperature of the equilibrium system is decreased. State how the decrease in temperature changes the shape of the Maxwell-Boltzmann distribution. You may use diagrams in your answer.", ‘Narrower’ and ‘taller/higher’ were required to be mentioned in any written response. Students could have shown this change with a clearly annotated plot.,3,Extent of chemical reactions,4,14,3,Rates of chemical reactions,0.509605,1
62,Question 6a.,Scientists are currently researching an experimental secondary cell. The following reaction takes place in the experimental cell during discharge. Fe (SO (aq) 14 10 (aq) 2FeSO (aq) 14 (aq) HSO (aq) (aq) diagram of the experimental cell is shown below. pump pump pump pump load membrane carbon electrode carbon electrode Fe (SO (aq) FeSO (aq) 14 10 (aq) 14 (aq) (aq) (aq)State the energy transformation that occurs in the experimental cell during discharge., chemical energy   electrical energy,3,Production of chemicals using electrolysis,5,5,2,Primary galvanic cells and fuel cells as sources of energy,0.4336564,2
63,Question 6b.,Scientists are currently researching an experimental secondary cell. The following reaction takes place in the experimental cell during discharge. Fe (SO (aq) 14 10 (aq) 2FeSO (aq) 14 (aq) HSO (aq) (aq) diagram of the experimental cell is shown below. pump pump pump pump load membrane carbon electrode carbon electrode Fe (SO (aq) FeSO (aq) 14 10 (aq) 14 (aq) (aq) (aq)Which reactant is the oxidising agent in the experimental cell during discharge? Use oxidation numbers to justify your answer., The first mark was awarded for either Fe2(SO4)3 or Fe3+ as the oxidising agent. The second mark was awarded for indicating that the oxidation number for iron changed from +3 to +2 during this process and hence why Fe3+ was the oxidising agent.,4,Primary galvanic cells and fuel cells as sources of energy,2,2,2,Primary galvanic cells and fuel cells as sources of energy,0.63636434,2
64,Question 6c.i.,Scientists are currently researching an experimental secondary cell. The following reaction takes place in the experimental cell during discharge. Fe (SO (aq) 14 10 (aq) 2FeSO (aq) 14 (aq) HSO (aq) (aq) diagram of the experimental cell is shown below. pump pump pump pump load membrane carbon electrode carbon electrode Fe (SO (aq) FeSO (aq) 14 10 (aq) 14 (aq) (aq) (aq)Write the half-equation for the reaction that occurs in the 14 /C 14 10 half-cell during recharge., C14H8O8S2  +  2H+  +  2e−    C14H10O8S2,3,Primary galvanic cells and fuel cells as sources of energy,2,5,2,Primary galvanic cells and fuel cells as sources of energy,0.53304774,2
65,Question 6c.ii.,Scientists are currently researching an experimental secondary cell. The following reaction takes place in the experimental cell during discharge. Fe (SO (aq) 14 10 (aq) 2FeSO (aq) 14 (aq) HSO (aq) (aq) diagram of the experimental cell is shown below. pump pump pump pump load membrane carbon electrode carbon electrode Fe (SO (aq) FeSO (aq) 14 10 (aq) 14 (aq) (aq) (aq)State the polarity of the 14 /C 14 10 half-cell electrode during recharge., Negative,3,Production of chemicals using electrolysis,5,13,2,Primary galvanic cells and fuel cells as sources of energy,0.5109585,2
66,Question 6c.iii.,Scientists are currently researching an experimental secondary cell. The following reaction takes place in the experimental cell during discharge. Fe (SO (aq) 14 10 (aq) 2FeSO (aq) 14 (aq) HSO (aq) (aq) diagram of the experimental cell is shown below. pump pump pump pump load membrane carbon electrode carbon electrode Fe (SO (aq) FeSO (aq) 14 10 (aq) 14 (aq) (aq) (aq)Explain how the polarity of the electrodes is established during recharge to allow the recharge to occur.," The first mark was awarded for the recognition that the electrode polarity does not change when the system is changed from discharge to recharge. The relative reductive and oxidative strength of the chemicals present in the galvanic cell is what determines the polarity, and this is fixed for both the discharge and recharge processes. The second mark was awarded for the recognition that the external power source causes the process to change at each electrode. This means that during the recharge the positive electrode becomes the anode and oxidation occurs here. This reversal of processes means that the original chemicals can be re-formed and hence the cell is recharged. Students frequently referred to the electrode polarity ‘swapping’ during recharge and this is an incorrect statement.",4,Production of chemicals using electrolysis,5,2,2,Primary galvanic cells and fuel cells as sources of energy,0.57365507,2
67,Question 7a.i.,"Molecule contains only carbon atoms, hydrogen atoms and one oxygen atom. The mass spectrum of molecule is shown below. 100 80 60 40 20 10 20 30 40 50 60 70 80 90 m/z Data: SDBS Web <sdbs.db.aist.go.jp>, National Institute of Advanced Industrial Science and TechnologyState the molecular formula of molecule V. Justify your answer by using the information in the mass spectrum."," The first mark was awarded for the correct molecular formula of C5H10O. The second mark was awarded for reference to the parent ion being located at m/z = 86, and hence the molar mass of the compound must have been 86 g mol−1.",4,Instrumental analysis of organic compounds,9,9,9,Instrumental analysis of organic compounds,0.28229958,6
68,Question 7a.ii.,"Molecule contains only carbon atoms, hydrogen atoms and one oxygen atom. The mass spectrum of molecule is shown below. 100 80 60 40 20 10 20 30 40 50 60 70 80 90 m/z Data: SDBS Web <sdbs.db.aist.go.jp>, National Institute of Advanced Industrial Science and TechnologyState why there is small peak at m/z 87. The NMR spectrum of molecule is shown below. 11 10 ppm Data: SDBS Web <sdbs.db.aist.go.jp>, National Institute of Advanced Industrial Science and Technology", The peak at m/z = 87 is an isotopic peak caused by a 13C isotope being present in the molecule.,3,Instrumental analysis of organic compounds,9,9,9,Instrumental analysis of organic compounds,0.56337225,6
69,Question 7b.,"Molecule contains only carbon atoms, hydrogen atoms and one oxygen atom. The mass spectrum of molecule is shown below. 100 80 60 40 20 10 20 30 40 50 60 70 80 90 m/z Data: SDBS Web <sdbs.db.aist.go.jp>, National Institute of Advanced Industrial Science and TechnologyState what information the doublet at 1.1 ppm provides about the structure of the molecule. The 13 NMR spectrum of molecule is shown below. 200 180 160 140 120 100 80 60 40 20 ppm Data: SDBS Web <sdbs.db.aist.go.jp>, National Institute of Advanced Industrial Science and Technology", The doublet seen in the spectrum is formed according to the n+1 rule and is due to the presence of a single non-equivalent hydrogen located on an adjacent carbon atom.,3,Instrumental analysis of organic compounds,9,9,9,Instrumental analysis of organic compounds,0.55406725,6
70,Question 7c.,"Molecule contains only carbon atoms, hydrogen atoms and one oxygen atom. The mass spectrum of molecule is shown below. 100 80 60 40 20 10 20 30 40 50 60 70 80 90 m/z Data: SDBS Web <sdbs.db.aist.go.jp>, National Institute of Advanced Industrial Science and TechnologyIn the space below, draw structural formula of molecule that is consistent with the information provided in parts a.–c. The infrared (IR) spectrum of molecule is shown below. 4000 3000 2000 1500 1000 500 100 50 transmittance (%) wave number (cm −1 Data: SDBS Web <sdbs.db.aist.go.jp>, National Institute of Advanced Industrial Science and Technology"," The first mark was awarded for any structure drawn that was a valid isomer of C5H10O. The second mark was awarded if this structure then had either four carbon environments or three hydrogen environments (i.e. was consistent with the patterns seen in the NMR spectra). The third mark was awarded only if the student produced a correctly drawn, full structural diagram for the compound 3-methylbutanone.",5,Instrumental analysis of organic compounds,9,6,9,Instrumental analysis of organic compounds,0.48744226,6
71,Question 7d.,"Molecule contains only carbon atoms, hydrogen atoms and one oxygen atom. The mass spectrum of molecule is shown below. 100 80 60 40 20 10 20 30 40 50 60 70 80 90 m/z Data: SDBS Web <sdbs.db.aist.go.jp>, National Institute of Advanced Industrial Science and TechnologyExplain why different frequencies of infrared radiation can be absorbed by the same molecule as shown in the spectrum above."," The first mark was awarded for the recognition that the different bonds, or the functional groups, are what is causing the absorption of different frequencies of infrared radiation. The second and third marks could be obtained from discussion of any two of the following possibilities:
strength of bonds / mass of atoms attached to bonds / bond length / bond dipoles / electronegativity differences / different types of molecular vibrations (i.e. stretching, wagging, flexing, etc.).",5,Instrumental analysis of organic compounds,9,9,9,Instrumental analysis of organic compounds,0.5121486,9
72,Question 8a.,"student performed an experiment to compare the energy content of dry broad beans and dry soybeans. The student followed the method below. 1.	 Fill beaker with water and let it sit for hours to come to room temperature. 2.	 Crush two dry broad beans to powder. 3.	 Weigh and record the mass of the dry broad-bean powder, using clean watch glass. 4.	 Set up the equipment on heatproof mat as shown in the diagram below. can watch glass and dry broad-bean powder heatproof mat holes 5.	 Ignite the dry broad-bean powder. 6.	 Suspend the 450 mL can containing 300.0 mL of water directly over the burning dry broad-bean powder. digital thermometer metal skewer 450 mL aluminium can and 300.0 mL water can watch glass and ignited dry broad-bean powder heatproof mat holes 7.	 Record the temperature of the water in the 450 mL can every 30 seconds until the dry broad-bean powder has stopped burning and the temperature of the water has begun to drop. 8.	 When the temperature of the water in the 450 mL can is below 30 °C, empty the water from the 450 mL can and wait until both cans return to room temperature. 9.	 Repeat steps to using dry soybeans instead of dry broad beans.Explain why the dry beans were crushed in step of the experimental method."," The first mark was awarded for recognising that the surface area of the beans was increased. The second mark was awarded for reference to any one of the following:
increasing the rate of reaction / ensuring complete combustion / ensuring greater efficiency of combustion.",4,How is scientific inquiry used to investigate the sustainable production of energy and/or materials?,11,1,3,Rates of chemical reactions,0.4343185,1
73,Question 8b.,"student performed an experiment to compare the energy content of dry broad beans and dry soybeans. The student followed the method below. 1.	 Fill beaker with water and let it sit for hours to come to room temperature. 2.	 Crush two dry broad beans to powder. 3.	 Weigh and record the mass of the dry broad-bean powder, using clean watch glass. 4.	 Set up the equipment on heatproof mat as shown in the diagram below. can watch glass and dry broad-bean powder heatproof mat holes 5.	 Ignite the dry broad-bean powder. 6.	 Suspend the 450 mL can containing 300.0 mL of water directly over the burning dry broad-bean powder. digital thermometer metal skewer 450 mL aluminium can and 300.0 mL water can watch glass and ignited dry broad-bean powder heatproof mat holes 7.	 Record the temperature of the water in the 450 mL can every 30 seconds until the dry broad-bean powder has stopped burning and the temperature of the water has begun to drop. 8.	 When the temperature of the water in the 450 mL can is below 30 °C, empty the water from the 450 mL can and wait until both cans return to room temperature. 9.	 Repeat steps to using dry soybeans instead of dry broad beans.Identify the dependent variable in this experiment.", Any of the following: energy content / temperature change of water / final temperature of water. Just stating ‘temperature’ was not sufficient to be awarded the mark.,3,How is scientific inquiry used to investigate the sustainable production of energy and/or materials?,11,4,12,Investigation design,0.41445214,1
74,Question 8c.,"student performed an experiment to compare the energy content of dry broad beans and dry soybeans. The student followed the method below. 1.	 Fill beaker with water and let it sit for hours to come to room temperature. 2.	 Crush two dry broad beans to powder. 3.	 Weigh and record the mass of the dry broad-bean powder, using clean watch glass. 4.	 Set up the equipment on heatproof mat as shown in the diagram below. can watch glass and dry broad-bean powder heatproof mat holes 5.	 Ignite the dry broad-bean powder. 6.	 Suspend the 450 mL can containing 300.0 mL of water directly over the burning dry broad-bean powder. digital thermometer metal skewer 450 mL aluminium can and 300.0 mL water can watch glass and ignited dry broad-bean powder heatproof mat holes 7.	 Record the temperature of the water in the 450 mL can every 30 seconds until the dry broad-bean powder has stopped burning and the temperature of the water has begun to drop. 8.	 When the temperature of the water in the 450 mL can is below 30 °C, empty the water from the 450 mL can and wait until both cans return to room temperature. 9.	 Repeat steps to using dry soybeans instead of dry broad beans.Identify one step in the experimental procedure that is designed to manage safety hazards. Explain how this step reduces the risks associated with the experiment.", The first mark was awarded for the student referring to a step in the procedure and listing the precaution undertaken. The second mark was awarded for explaining the risk that was being mitigated by that precaution. For example: Step 4 – where the precaution was the use of a heatproof mat. The mitigation of risk was explained as the use of a heatproof mat to reduce the chance of the laboratory catching fire. or Step 8 – where the precaution was allowing the water to cool to below 30 °C. The mitigation of risk was explained as waiting for the water to cool down to reduce the chance of scalding/burns.,4,How is scientific inquiry used to investigate the sustainable production of energy and/or materials?,11,12,12,Investigation design,0.47680983,1
75,Question 8d.,"student performed an experiment to compare the energy content of dry broad beans and dry soybeans. The student followed the method below. 1.	 Fill beaker with water and let it sit for hours to come to room temperature. 2.	 Crush two dry broad beans to powder. 3.	 Weigh and record the mass of the dry broad-bean powder, using clean watch glass. 4.	 Set up the equipment on heatproof mat as shown in the diagram below. can watch glass and dry broad-bean powder heatproof mat holes 5.	 Ignite the dry broad-bean powder. 6.	 Suspend the 450 mL can containing 300.0 mL of water directly over the burning dry broad-bean powder. digital thermometer metal skewer 450 mL aluminium can and 300.0 mL water can watch glass and ignited dry broad-bean powder heatproof mat holes 7.	 Record the temperature of the water in the 450 mL can every 30 seconds until the dry broad-bean powder has stopped burning and the temperature of the water has begun to drop. 8.	 When the temperature of the water in the 450 mL can is below 30 °C, empty the water from the 450 mL can and wait until both cans return to room temperature. 9.	 Repeat steps to using dry soybeans instead of dry broad beans.When the experiment was undertaken with 1.11 of dry broad-bean powder, the following results were obtained. Mass of dry broad-bean powder 1.11 Initial temperature of water 25.0 °C Final temperature of water 32.1 °C Use the experimental results to calculate the energy content of the dry broad bean in kJ −1"," The first mark was awarded for the correct calculation of ΔT being 32.1 – 25.0 = 7.1 oC. The second mark was awarded for converting the volume of water into a mass of water: m(water) = 300  0.997 = 299.1 g The third mark was awarded for correctly calculating the energy change in the water: q = mCΔT = 299.1  4.18  7.1 = 8.88 kJ The fourth mark was awarded for correctly calculating the energy content, stated to two significant figures: energy content = 8.88/1.11 = 8.0 (kJ g−1)",6,How is scientific inquiry used to investigate the sustainable production of energy and/or materials?,11,1,1,Measuring changes in chemical reactions,0.4061768,1
76,Question 8e.i.,"student performed an experiment to compare the energy content of dry broad beans and dry soybeans. The student followed the method below. 1.	 Fill beaker with water and let it sit for hours to come to room temperature. 2.	 Crush two dry broad beans to powder. 3.	 Weigh and record the mass of the dry broad-bean powder, using clean watch glass. 4.	 Set up the equipment on heatproof mat as shown in the diagram below. can watch glass and dry broad-bean powder heatproof mat holes 5.	 Ignite the dry broad-bean powder. 6.	 Suspend the 450 mL can containing 300.0 mL of water directly over the burning dry broad-bean powder. digital thermometer metal skewer 450 mL aluminium can and 300.0 mL water can watch glass and ignited dry broad-bean powder heatproof mat holes 7.	 Record the temperature of the water in the 450 mL can every 30 seconds until the dry broad-bean powder has stopped burning and the temperature of the water has begun to drop. 8.	 When the temperature of the water in the 450 mL can is below 30 °C, empty the water from the 450 mL can and wait until both cans return to room temperature. 9.	 Repeat steps to using dry soybeans instead of dry broad beans.The typical nutrition content of dry soybeans is provided in the table below. Average quantity per 100 protein 36 fat 20 carbohydrates 29Use the nutrition information from the table to calculate the heat of combustion of typical dry soybean in kJ −1 When the experiment was performed with dry soybean, the heat of combustion was found to be 35 kJ −1"," The first mark was awarded for correctly calculating the energy content from data: Energy content per 100 g = (36  17) + (20  37) + (29  16) = 1816 kJ The second mark was for awarded for converting this value into kJ g−1: Energy content = 1816 / 100 = 18 (kJ g−1) A significant number of students incorrectly quoted the energy content as being 1816 kJ g−1, not realising that the masses given were the average quantity per 100 g. Careful reading of the information given in the stem of a question is always essential.",4,Measuring changes in chemical reactions,1,1,1,Measuring changes in chemical reactions,0.4979962,1
77,Question 8e.ii.,"student performed an experiment to compare the energy content of dry broad beans and dry soybeans. The student followed the method below. 1.	 Fill beaker with water and let it sit for hours to come to room temperature. 2.	 Crush two dry broad beans to powder. 3.	 Weigh and record the mass of the dry broad-bean powder, using clean watch glass. 4.	 Set up the equipment on heatproof mat as shown in the diagram below. can watch glass and dry broad-bean powder heatproof mat holes 5.	 Ignite the dry broad-bean powder. 6.	 Suspend the 450 mL can containing 300.0 mL of water directly over the burning dry broad-bean powder. digital thermometer metal skewer 450 mL aluminium can and 300.0 mL water can watch glass and ignited dry broad-bean powder heatproof mat holes 7.	 Record the temperature of the water in the 450 mL can every 30 seconds until the dry broad-bean powder has stopped burning and the temperature of the water has begun to drop. 8.	 When the temperature of the water in the 450 mL can is below 30 °C, empty the water from the 450 mL can and wait until both cans return to room temperature. 9.	 Repeat steps to using dry soybeans instead of dry broad beans.The typical nutrition content of dry soybeans is provided in the table below. Average quantity per 100 protein 36 fat 20 carbohydrates 29Suggest an experimental error that could have caused the experimental value to be different to the heat of combustion of typical dry soybean. Explain how this error could have caused the difference between the experimental result and the expected result."," The first mark was awarded for correctly stating any justifiable error that the student may have made that would produce a higher-than-expected energy content. The second mark was awarded for explaining how this error would have caused the energy content calculation to be too high. Since energy content is calculated from ΔT/mass, this could only be achieved if the student mentioned specifically that the error caused the ΔT value being used to be too high, or that the mass used was too low. Some students failed to make this key link. Typical examples of good responses from students: ‘The thermometer may have been resting on the bottom of the can and therefore became much hotter than it should have. This caused the change in temperature to be too high and hence the energy content to be calculated too high.’ ‘There is no evidence/mention of any stirring taking place and this could have caused localised hot spots resulting in a calculated change of temperature that was too high. This then caused the calculated energy content to be too high.’",4,Measuring changes in chemical reactions,1,11,11,How is scientific inquiry used to investigate the sustainable production of energy and/or materials?,0.4047785,1
78,Question 8f.,"student performed an experiment to compare the energy content of dry broad beans and dry soybeans. The student followed the method below. 1.	 Fill beaker with water and let it sit for hours to come to room temperature. 2.	 Crush two dry broad beans to powder. 3.	 Weigh and record the mass of the dry broad-bean powder, using clean watch glass. 4.	 Set up the equipment on heatproof mat as shown in the diagram below. can watch glass and dry broad-bean powder heatproof mat holes 5.	 Ignite the dry broad-bean powder. 6.	 Suspend the 450 mL can containing 300.0 mL of water directly over the burning dry broad-bean powder. digital thermometer metal skewer 450 mL aluminium can and 300.0 mL water can watch glass and ignited dry broad-bean powder heatproof mat holes 7.	 Record the temperature of the water in the 450 mL can every 30 seconds until the dry broad-bean powder has stopped burning and the temperature of the water has begun to drop. 8.	 When the temperature of the water in the 450 mL can is below 30 °C, empty the water from the 450 mL can and wait until both cans return to room temperature. 9.	 Repeat steps to using dry soybeans instead of dry broad beans.Suggest one improvement to the experimental method using the apparatus and method shown on page 30 that would produce more accurate results. Explain how this improvement would improve the accuracy of the results."," The first mark was awarded for correctly describing an improvement that had the potential to increase the accuracy of the final answer. The second mark was awarded for how this improvement would produce a final answer closer to the true value. Typical examples of good responses from students: ‘An improvement could be to ensure better insulation was used on the outside container. This would allow for more energy to be effectively transferred to the water and thus allow for a more accurate ΔT and hence a final energy content that would be closer to the true value.’ ‘An improvement could be to conduct multiple trials so that outliers could be removed from the data set. This would allow for a final energy content to be calculated that would be closer to the true value.’ Quite a few students incorrectly referred to ‘removing the holes in the can’, or ‘sealing the can to stop heat being lost.’ This type of response failed to recognise that this would cause incomplete combustion to occur and would actually decrease the accuracy of the final answer.",4,How is scientific inquiry used to investigate the sustainable production of energy and/or materials?,11,1,11,How is scientific inquiry used to investigate the sustainable production of energy and/or materials?,0.3399618,1
79,Question 8g.,"student performed an experiment to compare the energy content of dry broad beans and dry soybeans. The student followed the method below. 1.	 Fill beaker with water and let it sit for hours to come to room temperature. 2.	 Crush two dry broad beans to powder. 3.	 Weigh and record the mass of the dry broad-bean powder, using clean watch glass. 4.	 Set up the equipment on heatproof mat as shown in the diagram below. can watch glass and dry broad-bean powder heatproof mat holes 5.	 Ignite the dry broad-bean powder. 6.	 Suspend the 450 mL can containing 300.0 mL of water directly over the burning dry broad-bean powder. digital thermometer metal skewer 450 mL aluminium can and 300.0 mL water can watch glass and ignited dry broad-bean powder heatproof mat holes 7.	 Record the temperature of the water in the 450 mL can every 30 seconds until the dry broad-bean powder has stopped burning and the temperature of the water has begun to drop. 8.	 When the temperature of the water in the 450 mL can is below 30 °C, empty the water from the 450 mL can and wait until both cans return to room temperature. 9.	 Repeat steps to using dry soybeans instead of dry broad beans.Write valid conclusion for the experiment based on the experimental results.", Any response that referred correctly to the relationship between the energy content of the soybeans and broad beans. A typical correct response was: ‘The energy content of the soybeans was higher than the energy content of the broad beans.’ An acceptable answer could have been related to the student recognising the error that had occurred with the soybeans and therefore a valid conclusion could also have been: ‘No valid conclusion can be drawn from this experiment due to the experimental error that occurred with the soybean trial.’,3,How is scientific inquiry used to investigate the sustainable production of energy and/or materials?,11,13,11,How is scientific inquiry used to investigate the sustainable production of energy and/or materials?,0.4450979,1
80,Question 9a.,"Purified copper contains at least 99.8% copper. Purified copper is used in electronic devices because it is good electrical conductor and resists corrosion. Purified copper is produced from impure copper by electrolysis. The electrolysis cell is shown in the diagram below. The impure copper contains 99% copper. The remainder of the impure copper consists of •	 zinc, Zn •	 lead, Pb •	 gold, Au. power impure copper pure copper CuSO (aq) and SO (aq) Use your understanding of electrochemistry to discuss how electrolysis is used to purify copper using the cell above. In your response •	 provide definition of electrolysis •	 explain what happens to the Au, Zn and Pb with reference to the electrochemical series. Faraday’s First Law of Electrolysis It states, during electrolysis, the amount of chemical reaction which occurs at any electrode under the influence of electrical energy is proportional to the quantity of electricity passed through the electrolyte. Source: byjus.com/chemistry/laws-of-electrolysis/>"," The first mark was awarded for a correct definition of electrolysis. For example, ‘Electrolysis involves passing an electric current through an electrolyte so that a (non-spontaneous) redox reaction can occur.’ The second mark was awarded for the recognition of the redox processes occurring at the impure anode based on the ECS. For example, ‘Zn and Pb metals are stronger reductants than Cu and will preferentially undergo oxidation to form Zn2+(aq) and Pb2+(aq) ions.’ The third mark was awarded for the recognition that Au(s) would not undergo oxidation. For example, ‘As Cu(s) is a much stronger reductant than Au(s), the Cu(s) would be preferentially oxidised to form Cu2+(aq).’
(Resulting in the Au(s) falling from this electrode and collecting as anode ‘mud’.) The fourth mark was awarded for the recognition of the redox processes occurring at the cathode based on the ECS. For example, ‘Zn2+(aq) and Pb2+(aq) ions are weaker oxidants than Cu2+(aq) and so only the Cu2+(aq) would be reduced, providing a pure layer of copper metal to be deposited onto the cathode.’ The fifth mark was awarded for the recognition of the voltages needed for these reactions to take place. For example, ‘During electrolysis the voltage supplied needs to be high enough for the oxidation of copper metal to occur but less than what would be needed for the oxidation of gold to occur.’",7,Production of chemicals using electrolysis,5,5,5,Production of chemicals using electrolysis,1.0,5
81,Question 9b.,"Explain how the Faraday constant, together with Faraday’s first law of electrolysis, can be used to find the amount of bromine, Br produced when molten potassium bromide, KBr(l), is electrolysed."," The first mark was awarded for the recognition that the charge in coulomb passing through a system is calculated by multiplying the current and time (i.e.  Q = It). The second mark was awarded for the recognition that Faraday’s constant is used to determine the amount, in mol, of electrons by dividing the charge by Faraday’s constant (i.e.  n(e-) = Q/F). The third mark was awarded for the recognition that for one mole of bromine to be produced two mole of electrons are required, and so n(Br2) = ½ n(e-).  (i.e.  2Br-(l)  Br2(g) + 2e-)",5,Production of chemicals using electrolysis,5,5,5,Production of chemicals using electrolysis,0.5668909,5
